1. K's runs over a whole base cycle, b = 4, r = 4 (every head)
keys	base level	cycle (commits)	files opened mean (max)	merge inputs mean (max)
1,000,000	5	1,024	7.8 (14)	8.5 (16)
100,000,000	8	65,536	12.3 (23)	13.0 (25)

2. Storage over a whole base cycle, entries per live key: mean (peak)
keys	policy	base	K chain	T	snapshots per laggard	total
1,000,000	window 1 day	1.00	0.46 (0.93)	40.68	~1 each (a live index)	42.15 (42.61)
1,000,000	window 7 days	1.00	0.46 (0.93)	288.48	~1 each (a live index)	289.95 (290.41)
1,000,000	window 30 days	1.00	0.46 (0.93)	1240.32	~1 each (a live index)	1241.78 (1242.24)
1,000,000	cover, 100 daily + hourly	1.00	0.46 (0.93)	17.85 (19.14)	none	19.32 (21.06)
1,000,000	cover, one laggard alone			10,000 behind: 4.90; 100,000 behind: 8.76
100,000,000	window 1 day	1.00	0.31 (0.61)	0.52	~1 each (a live index)	1.82 (2.13)
100,000,000	window 7 days	1.00	0.31 (0.61)	4.17	~1 each (a live index)	5.48 (5.78)
100,000,000	window 30 days	1.00	0.31 (0.61)	19.77	~1 each (a live index)	21.08 (21.39)
100,000,000	cover, 100 daily + hourly	1.00	0.31 (0.61)	0.25 (0.29)	none	1.55 (1.90)
100,000,000	cover, one laggard alone			10,000 behind: 0.10; 100,000 behind: 0.81
