dataset	kind	payload	layout	block_kib	codec	B/entry	entries/block	encode_M/s	decode_M/s
ids@1M	base	-	row	16	none	13.70	1194	28.00	35.62
ids@1M	base	-	row	16	lz4	12.22	1194	13.02	30.73
ids@1M	base	-	row	16	zstd-1	9.27	1194	18.77	14.71
ids@1M	base	-	row	16	zstd-3	8.54	1194	7.31	20.93
ids@1M	base	-	row	16	zlib-1	11.54	1194	4.73	8.36
ids@1M	base	-	col	16	none	12.68	1194	26.35	36.14
ids@1M	base	-	col	16	lz4	10.30	1194	12.81	28.98
ids@1M	base	-	col	16	zstd-1	7.53	1194	7.74	18.31
ids@1M	base	-	col	16	zstd-3	7.53	1194	7.80	19.50
ids@1M	base	-	col	16	zlib-1	9.74	1194	5.94	11.46
ids@1M	base	-	row	64	none	13.69	4762	31.78	31.86
ids@1M	base	-	row	64	lz4	12.67	4762	15.19	27.57
ids@1M	base	-	row	64	zstd-1	9.09	4762	12.33	22.78
ids@1M	base	-	row	64	zstd-3	8.21	4762	7.23	19.47
ids@1M	base	-	row	64	zlib-1	11.16	4762	4.37	8.81
ids@1M	base	-	col	64	none	12.67	4762	38.18	33.68
ids@1M	base	-	col	64	lz4	9.81	4762	13.06	22.90
ids@1M	base	-	col	64	zstd-1	7.39	4762	16.63	21.12
ids@1M	base	-	col	64	zstd-3	7.40	4762	13.77	19.55
ids@1M	base	-	col	64	zlib-1	9.34	4762	7.87	10.90
ids@1M	base	-	row	256	none	13.69	19048	50.41	36.76
ids@1M	base	-	row	256	lz4	12.59	19048	6.94	27.61
ids@1M	base	-	row	256	zstd-1	9.22	19048	24.34	23.60
ids@1M	base	-	row	256	zstd-3	8.06	19048	7.51	19.71
ids@1M	base	-	row	256	zlib-1	11.07	19048	5.98	9.67
ids@1M	base	-	col	256	none	12.66	19048	43.42	34.95
ids@1M	base	-	col	256	lz4	10.51	19048	23.60	32.99
ids@1M	base	-	col	256	zstd-1	6.87	19048	20.31	19.37
ids@1M	base	-	col	256	zstd-3	6.74	19048	10.22	18.14
ids@1M	base	-	col	256	zlib-1	9.24	19048	6.42	12.26
ids@1M	base	16B	row	16	none	30.70	534	18.93	36.80
ids@1M	base	16B	row	16	lz4	30.77	534	10.99	29.60
ids@1M	base	16B	row	16	zstd-1	27.88	534	10.35	13.10
ids@1M	base	16B	row	16	zstd-3	27.88	534	9.88	13.27
ids@1M	base	16B	row	16	zlib-1	30.58	534	4.13	4.89
ids@1M	base	16B	col	16	none	29.71	534	24.56	36.23
ids@1M	base	16B	col	16	lz4	27.79	534	14.88	28.20
ids@1M	base	16B	col	16	zstd-1	25.86	534	7.13	13.17
ids@1M	base	16B	col	16	zstd-3	25.46	534	7.09	11.58
ids@1M	base	16B	col	16	zlib-1	28.01	534	4.11	5.34
ids@1M	base	16B	row	64	none	30.69	2128	38.42	34.49
ids@1M	base	16B	row	64	lz4	30.81	2128	26.83	32.17
ids@1M	base	16B	row	64	zstd-1	27.79	2128	13.27	13.96
ids@1M	base	16B	row	64	zstd-3	27.77	2128	10.88	14.32
ids@1M	base	16B	row	64	zlib-1	29.97	2128	2.63	5.23
ids@1M	base	16B	col	64	none	29.67	2128	31.13	37.79
ids@1M	base	16B	col	64	lz4	27.11	2128	11.28	28.53
ids@1M	base	16B	col	64	zstd-1	25.67	2128	7.98	15.29
ids@1M	base	16B	col	64	zstd-3	25.48	2128	9.41	14.35
ids@1M	base	16B	col	64	zlib-1	27.40	2128	2.82	5.48
ids@1M	base	16B	row	256	none	30.69	8511	39.79	32.88
ids@1M	base	16B	row	256	lz4	30.81	8511	27.69	35.41
ids@1M	base	16B	row	256	zstd-1	27.78	8511	13.26	13.98
ids@1M	base	16B	row	256	zstd-3	27.50	8511	6.51	13.23
ids@1M	base	16B	row	256	zlib-1	29.80	8511	2.22	5.55
ids@1M	base	16B	col	256	none	29.66	8511	35.91	35.26
ids@1M	base	16B	col	256	lz4	27.64	8511	16.17	29.86
ids@1M	base	16B	col	256	zstd-1	24.53	8511	14.02	12.30
ids@1M	base	16B	col	256	zstd-3	23.93	8511	8.15	12.89
ids@1M	base	16B	col	256	zlib-1	27.16	8511	2.34	6.03
ids@1M	node	-	row	16	none	17.50	937	34.82	32.96
ids@1M	node	-	row	16	lz4	16.29	937	13.56	24.74
ids@1M	node	-	row	16	zstd-1	12.88	937	11.04	19.52
ids@1M	node	-	row	16	zstd-3	12.27	937	7.04	16.30
ids@1M	node	-	row	16	zlib-1	15.77	937	5.01	8.20
ids@1M	node	-	col	16	none	15.46	937	32.57	33.21
ids@1M	node	-	col	16	lz4	13.53	937	15.28	26.32
ids@1M	node	-	col	16	zstd-1	10.76	937	12.25	14.55
ids@1M	node	-	col	16	zstd-3	10.57	937	5.62	15.45
ids@1M	node	-	col	16	zlib-1	13.05	937	4.35	9.56
ids@1M	node	-	row	64	none	17.49	3738	31.17	31.83
ids@1M	node	-	row	64	lz4	16.76	3738	16.66	25.50
ids@1M	node	-	row	64	zstd-1	12.72	3738	18.28	16.49
ids@1M	node	-	row	64	zstd-3	11.87	3738	8.60	16.71
ids@1M	node	-	row	64	zlib-1	15.29	3738	4.64	7.90
ids@1M	node	-	col	64	none	15.44	3738	38.15	33.41
ids@1M	node	-	col	64	lz4	12.97	3738	16.29	27.77
ids@1M	node	-	col	64	zstd-1	10.62	3738	10.76	13.76
ids@1M	node	-	col	64	zstd-3	10.52	3738	6.66	18.37
ids@1M	node	-	col	64	zlib-1	12.58	3738	5.37	10.22
ids@1M	node	-	row	256	none	17.49	14815	31.63	32.85
ids@1M	node	-	row	256	lz4	16.67	14815	22.46	25.69
ids@1M	node	-	row	256	zstd-1	12.78	14815	20.61	20.52
ids@1M	node	-	row	256	zstd-3	11.54	14815	5.71	17.22
ids@1M	node	-	row	256	zlib-1	15.16	14815	3.99	7.97
ids@1M	node	-	col	256	none	15.44	14815	32.26	28.51
ids@1M	node	-	col	256	lz4	13.60	14815	21.14	28.73
ids@1M	node	-	col	256	zstd-1	9.03	14815	16.92	20.51
ids@1M	node	-	col	256	zstd-3	9.42	14815	8.34	15.19
ids@1M	node	-	col	256	zlib-1	12.42	14815	4.66	10.23
ids@1M	node	16B	row	16	none	49.83	329	24.96	25.07
ids@1M	node	16B	row	16	lz4	50.03	329	17.23	25.59
ids@1M	node	16B	row	16	zstd-1	47.36	329	6.48	8.91
ids@1M	node	16B	row	16	zstd-3	47.36	329	7.12	8.65
ids@1M	node	16B	row	16	zlib-1	50.96	329	2.78	3.65
ids@1M	node	16B	col	16	none	47.83	329	11.86	31.20
ids@1M	node	16B	col	16	lz4	46.55	329	10.03	24.79
ids@1M	node	16B	col	16	zstd-1	44.54	329	4.48	8.39
ids@1M	node	16B	col	16	zstd-3	44.10	329	4.66	8.74
ids@1M	node	16B	col	16	zlib-1	47.61	329	2.61	3.72
ids@1M	node	16B	row	64	none	49.82	1316	19.91	28.31
ids@1M	node	16B	row	64	lz4	50.02	1316	17.49	24.50
ids@1M	node	16B	row	64	zstd-1	47.23	1316	9.81	9.61
ids@1M	node	16B	row	64	zstd-3	47.23	1316	6.96	10.28
ids@1M	node	16B	row	64	zlib-1	50.22	1316	1.28	3.47
ids@1M	node	16B	col	64	none	47.78	1316	26.19	29.46
ids@1M	node	16B	col	64	lz4	45.81	1316	5.31	17.73
ids@1M	node	16B	col	64	zstd-1	44.29	1316	9.96	10.24
ids@1M	node	16B	col	64	zstd-3	44.00	1316	5.28	9.50
ids@1M	node	16B	col	64	zlib-1	46.89	1316	1.52	3.73
ids@1M	node	16B	row	256	none	49.81	5195	35.28	23.86
ids@1M	node	16B	row	256	lz4	50.01	5195	25.24	25.63
ids@1M	node	16B	row	256	zstd-1	47.20	5195	9.59	9.35
ids@1M	node	16B	row	256	zstd-3	47.15	5195	8.32	10.60
ids@1M	node	16B	row	256	zlib-1	50.01	5195	1.20	3.62
ids@1M	node	16B	col	256	none	47.76	5195	34.01	31.13
ids@1M	node	16B	col	256	lz4	46.17	5195	16.99	26.57
ids@1M	node	16B	col	256	zstd-1	43.26	5195	3.75	11.19
ids@1M	node	16B	col	256	zstd-3	42.12	5195	6.00	9.80
ids@1M	node	16B	col	256	zlib-1	46.50	5195	1.51	3.75
ids@100M	base	-	row	16	none	11.70	1399	43.40	40.37
ids@100M	base	-	row	16	lz4	10.31	1399	17.68	32.27
ids@100M	base	-	row	16	zstd-1	8.11	1399	15.23	23.27
ids@100M	base	-	row	16	zstd-3	7.38	1399	6.80	20.78
ids@100M	base	-	row	16	zlib-1	9.68	1399	8.70	11.98
ids@100M	base	-	col	16	none	10.68	1399	37.84	42.62
ids@100M	base	-	col	16	lz4	8.57	1399	13.31	34.86
ids@100M	base	-	col	16	zstd-1	6.49	1399	12.73	19.44
ids@100M	base	-	col	16	zstd-3	6.46	1399	10.82	22.97
ids@100M	base	-	col	16	zlib-1	8.15	1399	6.43	14.31
ids@100M	base	-	row	64	none	11.69	5555	46.27	41.61
ids@100M	base	-	row	64	lz4	10.55	5555	18.50	29.65
ids@100M	base	-	row	64	zstd-1	7.90	5555	17.95	23.90
ids@100M	base	-	row	64	zstd-3	7.07	5555	10.80	21.08
ids@100M	base	-	row	64	zlib-1	9.32	5555	8.09	11.22
ids@100M	base	-	col	64	none	10.67	5555	39.40	44.93
ids@100M	base	-	col	64	lz4	8.18	5555	16.60	34.75
ids@100M	base	-	col	64	zstd-1	6.38	5555	13.44	23.45
ids@100M	base	-	col	64	zstd-3	6.39	5555	11.75	22.49
ids@100M	base	-	col	64	zlib-1	7.83	5555	5.22	15.62
ids@100M	base	-	row	256	none	11.69	22221	37.63	38.19
ids@100M	base	-	row	256	lz4	10.48	22221	20.75	32.99
ids@100M	base	-	row	256	zstd-1	8.08	22221	22.35	27.41
ids@100M	base	-	row	256	zstd-3	6.92	22221	9.20	21.57
ids@100M	base	-	row	256	zlib-1	9.23	22221	5.99	12.19
ids@100M	base	-	col	256	none	10.66	22221	42.55	41.66
ids@100M	base	-	col	256	lz4	8.59	22221	26.16	36.08
ids@100M	base	-	col	256	zstd-1	5.76	22221	16.12	26.90
ids@100M	base	-	col	256	zstd-3	5.75	22221	12.53	24.29
ids@100M	base	-	col	256	zlib-1	7.73	22221	7.88	14.99
ids@100M	base	16B	row	16	none	28.71	571	31.86	37.28
ids@100M	base	16B	row	16	lz4	28.77	571	14.31	32.04
ids@100M	base	16B	row	16	zstd-1	26.46	571	12.96	14.87
ids@100M	base	16B	row	16	zstd-3	26.46	571	11.05	14.67
ids@100M	base	16B	row	16	zlib-1	28.74	571	4.38	5.47
ids@100M	base	16B	col	16	none	27.71	571	25.81	41.15
ids@100M	base	16B	col	16	lz4	25.99	571	14.11	30.65
ids@100M	base	16B	col	16	zstd-1	24.51	571	9.59	14.90
ids@100M	base	16B	col	16	zstd-3	24.18	571	6.78	14.24
ids@100M	base	16B	col	16	zlib-1	26.36	571	4.07	6.74
ids@100M	base	16B	row	64	none	28.69	2273	41.39	37.84
ids@100M	base	16B	row	64	lz4	28.80	2273	36.49	34.14
ids@100M	base	16B	row	64	zstd-1	26.38	2273	16.22	15.23
ids@100M	base	16B	row	64	zstd-3	26.34	2273	11.00	13.61
ids@100M	base	16B	row	64	zlib-1	28.24	2273	2.95	5.63
ids@100M	base	16B	col	64	none	27.67	2273	30.54	39.57
ids@100M	base	16B	col	64	lz4	25.47	2273	15.93	29.25
ids@100M	base	16B	col	64	zstd-1	24.34	2273	8.30	16.74
ids@100M	base	16B	col	64	zstd-3	24.13	2273	7.83	16.59
ids@100M	base	16B	col	64	zlib-1	25.88	2273	3.24	6.71
ids@100M	base	16B	row	256	none	28.69	9091	40.12	31.76
ids@100M	base	16B	row	256	lz4	28.80	9091	40.64	36.58
ids@100M	base	16B	row	256	zstd-1	26.37	9091	16.45	15.87
ids@100M	base	16B	row	256	zstd-3	26.02	9091	5.02	14.35
ids@100M	base	16B	row	256	zlib-1	28.09	9091	2.40	6.14
ids@100M	base	16B	col	256	none	27.66	9091	39.15	37.31
ids@100M	base	16B	col	256	lz4	25.72	9091	25.28	33.63
ids@100M	base	16B	col	256	zstd-1	23.57	9091	14.63	13.95
ids@100M	base	16B	col	256	zstd-3	22.92	9091	9.24	15.30
ids@100M	base	16B	col	256	zlib-1	25.65	9091	2.88	6.46
ids@100M	node	-	row	16	none	15.50	1055	35.63	36.22
ids@100M	node	-	row	16	lz4	14.29	1055	14.74	30.21
ids@100M	node	-	row	16	zstd-1	11.64	1055	10.94	20.42
ids@100M	node	-	row	16	zstd-3	10.97	1055	6.46	17.10
ids@100M	node	-	row	16	zlib-1	13.93	1055	6.85	9.48
ids@100M	node	-	col	16	none	13.46	1055	32.04	38.58
ids@100M	node	-	col	16	lz4	11.79	1055	11.94	30.87
ids@100M	node	-	col	16	zstd-1	9.60	1055	10.41	19.52
ids@100M	node	-	col	16	zstd-3	9.43	1055	7.92	19.12
ids@100M	node	-	col	16	zlib-1	11.45	1055	6.37	10.86
ids@100M	node	-	row	64	none	15.49	4210	45.91	25.65
ids@100M	node	-	row	64	lz4	14.66	4210	13.67	29.65
ids@100M	node	-	row	64	zstd-1	11.45	4210	18.69	19.89
ids@100M	node	-	row	64	zstd-3	10.58	4210	5.56	17.47
ids@100M	node	-	row	64	zlib-1	13.47	4210	4.80	9.59
ids@100M	node	-	col	64	none	13.44	4210	40.24	32.90
ids@100M	node	-	col	64	lz4	11.35	4210	18.61	28.83
ids@100M	node	-	col	64	zstd-1	9.48	4210	18.25	18.75
ids@100M	node	-	col	64	zstd-3	9.36	4210	12.84	21.28
ids@100M	node	-	col	64	zlib-1	11.06	4210	5.28	11.19
ids@100M	node	-	row	256	none	15.49	16666	32.54	35.94
ids@100M	node	-	row	256	lz4	14.57	16666	16.46	27.84
ids@100M	node	-	row	256	zstd-1	11.55	16666	19.99	23.28
ids@100M	node	-	row	256	zstd-3	10.25	16666	6.76	20.22
ids@100M	node	-	row	256	zlib-1	13.34	16666	4.67	9.80
ids@100M	node	-	col	256	none	13.44	16666	39.38	36.07
ids@100M	node	-	col	256	lz4	11.68	16666	23.40	30.88
ids@100M	node	-	col	256	zstd-1	8.30	16666	15.74	22.43
ids@100M	node	-	col	256	zstd-3	8.49	16666	11.03	19.93
ids@100M	node	-	col	256	zlib-1	10.91	16666	5.96	12.54
ids@100M	node	16B	row	16	none	47.84	343	35.07	28.45
ids@100M	node	16B	row	16	lz4	48.03	343	20.79	28.11
ids@100M	node	16B	row	16	zstd-1	45.86	343	7.79	10.28
ids@100M	node	16B	row	16	zstd-3	45.87	343	8.56	9.24
ids@100M	node	16B	row	16	zlib-1	49.07	343	2.66	3.84
ids@100M	node	16B	col	16	none	45.84	343	18.92	30.81
ids@100M	node	16B	col	16	lz4	44.69	343	18.02	26.72
ids@100M	node	16B	col	16	zstd-1	43.04	343	6.38	9.91
ids@100M	node	16B	col	16	zstd-3	42.74	343	5.59	9.67
ids@100M	node	16B	col	16	zlib-1	45.90	343	2.79	4.17
ids@100M	node	16B	row	64	none	47.82	1370	27.81	30.80
ids@100M	node	16B	row	64	lz4	48.01	1370	16.17	29.51
ids@100M	node	16B	row	64	zstd-1	45.74	1370	9.80	10.43
ids@100M	node	16B	row	64	zstd-3	45.74	1370	9.75	10.61
ids@100M	node	16B	row	64	zlib-1	48.41	1370	1.87	4.07
ids@100M	node	16B	col	64	none	45.78	1370	24.96	33.10
ids@100M	node	16B	col	64	lz4	44.14	1370	14.06	24.59
ids@100M	node	16B	col	64	zstd-1	42.78	1370	7.18	11.36
ids@100M	node	16B	col	64	zstd-3	42.58	1370	7.49	10.74
ids@100M	node	16B	col	64	zlib-1	45.34	1370	1.90	4.35
ids@100M	node	16B	row	256	none	47.81	5479	28.96	27.71
ids@100M	node	16B	row	256	lz4	48.00	5479	27.81	30.45
ids@100M	node	16B	row	256	zstd-1	45.71	5479	11.41	10.93
ids@100M	node	16B	row	256	zstd-3	45.65	5479	6.59	11.05
ids@100M	node	16B	row	256	zlib-1	48.22	5479	1.51	3.88
ids@100M	node	16B	col	256	none	45.76	5479	27.84	33.23
ids@100M	node	16B	col	256	lz4	44.25	5479	19.01	29.36
ids@100M	node	16B	col	256	zstd-1	42.04	5479	11.26	11.00
ids@100M	node	16B	col	256	zstd-3	41.08	5479	6.20	10.74
ids@100M	node	16B	col	256	zlib-1	45.00	5479	1.57	4.21
uuid@100M	base	-	row	16	none	37.00	443	33.27	40.31
uuid@100M	base	-	row	16	lz4	35.98	443	10.28	21.68
uuid@100M	base	-	row	16	zstd-1	23.69	443	10.71	13.67
uuid@100M	base	-	row	16	zstd-3	23.26	443	5.18	12.97
uuid@100M	base	-	row	16	zlib-1	33.58	443	3.32	4.87
uuid@100M	base	-	col	16	none	36.01	443	28.62	39.72
uuid@100M	base	-	col	16	lz4	33.89	443	11.61	23.80
uuid@100M	base	-	col	16	zstd-1	21.13	443	8.71	13.30
uuid@100M	base	-	col	16	zstd-3	21.58	443	3.76	11.00
uuid@100M	base	-	col	16	zlib-1	31.50	443	2.93	5.26
uuid@100M	base	-	row	64	none	36.99	1770	32.57	38.91
uuid@100M	base	-	row	64	lz4	36.85	1770	22.22	32.85
uuid@100M	base	-	row	64	zstd-1	23.48	1770	14.47	16.12
uuid@100M	base	-	row	64	zstd-3	22.59	1770	4.64	12.79
uuid@100M	base	-	row	64	zlib-1	32.27	1770	2.20	4.45
uuid@100M	base	-	col	64	none	35.97	1770	40.20	35.43
uuid@100M	base	-	col	64	lz4	33.08	1770	10.64	23.50
uuid@100M	base	-	col	64	zstd-1	20.94	1770	9.50	15.66
uuid@100M	base	-	col	64	zstd-3	20.94	1770	5.88	14.52
uuid@100M	base	-	col	64	zlib-1	30.03	1770	2.39	4.78
uuid@100M	base	-	row	256	none	36.98	7018	41.58	40.93
uuid@100M	base	-	row	256	lz4	36.73	7018	13.65	33.98
uuid@100M	base	-	row	256	zstd-1	23.52	7018	15.37	16.50
uuid@100M	base	-	row	256	zstd-3	22.17	7018	4.27	13.45
uuid@100M	base	-	row	256	zlib-1	31.95	7018	1.87	4.49
uuid@100M	base	-	col	256	none	35.96	7018	32.82	40.54
uuid@100M	base	-	col	256	lz4	34.09	7018	23.67	36.12
uuid@100M	base	-	col	256	zstd-1	20.44	7018	11.81	15.89
uuid@100M	base	-	col	256	zstd-3	21.20	7018	2.60	10.51
uuid@100M	base	-	col	256	zlib-1	29.64	7018	2.00	4.85
uuid@100M	base	16B	row	16	none	54.01	304	30.71	36.49
uuid@100M	base	16B	row	16	lz4	54.13	304	13.30	31.34
uuid@100M	base	16B	row	16	zstd-1	43.77	304	8.19	10.90
uuid@100M	base	16B	row	16	zstd-3	43.78	304	6.54	10.42
uuid@100M	base	16B	row	16	zlib-1	52.79	304	2.48	3.38
uuid@100M	base	16B	col	16	none	53.03	304	24.01	39.37
uuid@100M	base	16B	col	16	lz4	51.26	304	8.18	25.84
uuid@100M	base	16B	col	16	zstd-1	41.38	304	6.16	7.18
uuid@100M	base	16B	col	16	zstd-3	41.23	304	3.12	7.60
uuid@100M	base	16B	col	16	zlib-1	49.90	304	2.34	3.69
uuid@100M	base	16B	row	64	none	53.99	1212	26.41	37.68
uuid@100M	base	16B	row	64	lz4	54.19	1212	28.31	32.57
uuid@100M	base	16B	row	64	zstd-1	43.59	1212	11.20	11.53
uuid@100M	base	16B	row	64	zstd-3	43.54	1212	6.20	11.17
uuid@100M	base	16B	row	64	zlib-1	51.36	1212	1.60	3.55
uuid@100M	base	16B	col	64	none	52.98	1212	24.84	38.89
uuid@100M	base	16B	col	64	lz4	50.29	1212	9.93	20.99
uuid@100M	base	16B	col	64	zstd-1	41.03	1212	9.10	7.90
uuid@100M	base	16B	col	64	zstd-3	40.92	1212	6.42	7.97
uuid@100M	base	16B	col	64	zlib-1	48.16	1212	1.81	3.53
uuid@100M	base	16B	row	256	none	53.98	4819	33.76	37.46
uuid@100M	base	16B	row	256	lz4	54.18	4819	22.05	35.33
uuid@100M	base	16B	row	256	zstd-1	43.56	4819	9.82	12.13
uuid@100M	base	16B	row	256	zstd-3	43.22	4819	3.23	10.50
uuid@100M	base	16B	row	256	zlib-1	50.98	4819	1.48	3.54
uuid@100M	base	16B	col	256	none	52.96	4819	35.31	36.92
uuid@100M	base	16B	col	256	lz4	51.17	4819	18.99	30.86
uuid@100M	base	16B	col	256	zstd-1	37.58	4819	4.45	8.51
uuid@100M	base	16B	col	256	zstd-3	38.15	4819	2.16	9.87
uuid@100M	base	16B	col	256	zlib-1	47.58	4819	1.42	3.14
uuid@100M	node	-	row	16	none	40.80	402	31.76	30.41
uuid@100M	node	-	row	16	lz4	40.06	402	9.39	18.86
uuid@100M	node	-	row	16	zstd-1	27.95	402	10.85	11.63
uuid@100M	node	-	row	16	zstd-3	27.65	402	4.08	11.72
uuid@100M	node	-	row	16	zlib-1	37.81	402	2.29	3.98
uuid@100M	node	-	col	16	none	38.79	402	17.85	33.00
uuid@100M	node	-	col	16	lz4	37.09	402	9.42	22.56
uuid@100M	node	-	col	16	zstd-1	24.97	402	5.38	10.48
uuid@100M	node	-	col	16	zstd-3	25.29	402	3.18	8.59
uuid@100M	node	-	col	16	zlib-1	34.85	402	2.97	4.32
uuid@100M	node	-	row	64	none	40.79	1606	31.47	29.86
uuid@100M	node	-	row	64	lz4	40.76	1606	21.57	27.30
uuid@100M	node	-	row	64	zstd-1	27.76	1606	9.13	14.39
uuid@100M	node	-	row	64	zstd-3	26.91	1606	3.55	10.84
uuid@100M	node	-	row	64	zlib-1	36.48	1606	1.73	4.01
uuid@100M	node	-	col	64	none	38.74	1606	31.80	30.61
uuid@100M	node	-	col	64	lz4	36.21	1606	10.21	18.81
uuid@100M	node	-	col	64	zstd-1	24.88	1606	12.02	11.96
uuid@100M	node	-	col	64	zstd-3	24.88	1606	4.40	9.95
uuid@100M	node	-	col	64	zlib-1	33.28	1606	2.14	4.53
uuid@100M	node	-	row	256	none	40.79	6349	46.58	28.82
uuid@100M	node	-	row	256	lz4	40.66	6349	19.87	29.48
uuid@100M	node	-	row	256	zstd-1	27.75	6349	10.75	11.77
uuid@100M	node	-	row	256	zstd-3	26.38	6349	3.27	11.86
uuid@100M	node	-	row	256	zlib-1	36.14	6349	1.72	4.24
uuid@100M	node	-	col	256	none	38.73	6349	29.82	32.23
uuid@100M	node	-	col	256	lz4	37.17	6349	18.52	26.19
uuid@100M	node	-	col	256	zstd-1	23.57	6349	12.08	12.13
uuid@100M	node	-	col	256	zstd-3	24.08	6349	2.45	7.88
uuid@100M	node	-	col	256	zlib-1	32.84	6349	1.85	4.36
uuid@100M	node	16B	row	16	none	73.14	224	23.24	25.92
uuid@100M	node	16B	row	16	lz4	73.41	224	15.57	25.91
uuid@100M	node	16B	row	16	zstd-1	64.80	224	5.52	6.94
uuid@100M	node	16B	row	16	zstd-3	64.80	224	5.48	7.06
uuid@100M	node	16B	row	16	zlib-1	73.33	224	1.63	2.50
uuid@100M	node	16B	col	16	none	71.17	224	10.38	29.15
uuid@100M	node	16B	col	16	lz4	69.97	224	11.71	21.88
uuid@100M	node	16B	col	16	zstd-1	61.53	224	3.99	6.90
uuid@100M	node	16B	col	16	zstd-3	61.22	224	2.33	6.31
uuid@100M	node	16B	col	16	zlib-1	69.65	224	1.58	2.74
uuid@100M	node	16B	row	64	none	73.11	897	24.91	27.66
uuid@100M	node	16B	row	64	lz4	73.40	897	10.10	26.73
uuid@100M	node	16B	row	64	zstd-1	64.59	897	6.93	7.56
uuid@100M	node	16B	row	64	zstd-3	64.59	897	5.18	7.28
uuid@100M	node	16B	row	64	zlib-1	71.84	897	1.23	2.43
uuid@100M	node	16B	col	64	none	71.08	897	22.61	30.31
uuid@100M	node	16B	col	64	lz4	68.95	897	9.40	17.76
uuid@100M	node	16B	col	64	zstd-1	61.10	897	5.02	7.60
uuid@100M	node	16B	col	64	zstd-3	60.91	897	5.22	8.29
uuid@100M	node	16B	col	64	zlib-1	67.81	897	1.14	2.68
uuid@100M	node	16B	row	256	none	73.11	3571	23.75	25.91
uuid@100M	node	16B	row	256	lz4	73.39	3571	20.60	29.57
uuid@100M	node	16B	row	256	zstd-1	64.57	3571	5.53	6.86
uuid@100M	node	16B	row	256	zstd-3	64.31	3571	3.26	8.10
uuid@100M	node	16B	row	256	zlib-1	71.44	3571	0.99	2.66
uuid@100M	node	16B	col	256	none	71.06	3571	27.31	31.20
uuid@100M	node	16B	col	256	lz4	69.66	3571	15.38	21.57
uuid@100M	node	16B	col	256	zstd-1	55.76	3571	7.27	8.19
uuid@100M	node	16B	col	256	zstd-3	56.54	3571	2.37	6.75
uuid@100M	node	16B	col	256	zlib-1	66.95	3571	1.02	2.64
paths	base	-	row	16	none	26.28	624	23.72	27.66
paths	base	-	row	16	lz4	13.84	624	9.34	21.86
paths	base	-	row	16	zstd-1	10.09	624	6.52	12.89
paths	base	-	row	16	zstd-3	10.00	624	5.21	12.52
paths	base	-	row	16	zlib-1	12.92	624	4.58	8.99
paths	base	-	col	16	none	25.27	624	24.91	29.34
paths	base	-	col	16	lz4	13.45	624	11.47	23.72
paths	base	-	col	16	zstd-1	10.27	624	6.94	13.78
paths	base	-	col	16	zstd-3	10.07	624	5.58	14.92
paths	base	-	col	16	zlib-1	12.46	624	5.50	9.35
paths	base	-	row	64	none	26.24	2484	16.55	30.00
paths	base	-	row	64	lz4	12.49	2484	9.98	23.68
paths	base	-	row	64	zstd-1	9.41	2484	8.46	15.24
paths	base	-	row	64	zstd-3	9.36	2484	7.09	16.28
paths	base	-	row	64	zlib-1	12.71	2484	5.53	9.40
paths	base	-	col	64	none	25.22	2484	18.33	31.86
paths	base	-	col	64	lz4	12.98	2484	10.67	23.60
paths	base	-	col	64	zstd-1	9.90	2484	8.80	15.29
paths	base	-	col	64	zstd-3	9.59	2484	7.12	16.63
paths	base	-	col	64	zlib-1	12.13	2484	5.85	9.96
paths	base	-	row	256	none	26.23	9756	24.12	33.24
paths	base	-	row	256	lz4	12.31	9756	8.08	25.69
paths	base	-	row	256	zstd-1	9.32	9756	7.69	17.05
paths	base	-	row	256	zstd-3	8.89	9756	5.43	16.73
paths	base	-	row	256	zlib-1	12.68	9756	5.64	9.94
paths	base	-	col	256	none	25.20	9756	24.47	32.17
paths	base	-	col	256	lz4	12.04	9756	10.15	25.28
paths	base	-	col	256	zstd-1	9.22	9756	8.04	16.31
paths	base	-	col	256	zstd-3	8.99	9756	6.75	16.43
paths	base	-	col	256	zlib-1	12.04	9756	4.97	11.10
paths	base	16B	row	16	none	43.31	379	19.26	31.08
paths	base	16B	row	16	lz4	32.53	379	7.61	21.31
paths	base	16B	row	16	zstd-1	29.04	379	5.17	10.28
paths	base	16B	row	16	zstd-3	28.71	379	4.01	10.23
paths	base	16B	row	16	zlib-1	31.47	379	3.43	5.49
paths	base	16B	col	16	none	42.32	379	16.41	31.69
paths	base	16B	col	16	lz4	30.84	379	12.85	22.64
paths	base	16B	col	16	zstd-1	28.14	379	5.45	10.45
paths	base	16B	col	16	zstd-3	27.81	379	4.86	10.82
paths	base	16B	col	16	zlib-1	30.58	379	3.14	5.66
paths	base	16B	row	64	none	43.25	1515	31.47	26.53
paths	base	16B	row	64	lz4	32.04	1515	8.05	18.93
paths	base	16B	row	64	zstd-1	28.33	1515	6.42	11.61
paths	base	16B	row	64	zstd-3	27.87	1515	3.97	12.38
paths	base	16B	row	64	zlib-1	30.99	1515	2.95	5.36
paths	base	16B	col	64	none	42.23	1515	19.97	29.16
paths	base	16B	col	64	lz4	30.16	1515	8.93	21.53
paths	base	16B	col	64	zstd-1	27.59	1515	8.23	11.57
paths	base	16B	col	64	zstd-3	27.12	1515	5.96	12.27
paths	base	16B	col	64	zlib-1	30.07	1515	2.83	5.95
paths	base	16B	row	256	none	43.23	6061	28.75	30.40
paths	base	16B	row	256	lz4	31.93	6061	8.14	23.21
paths	base	16B	row	256	zstd-1	28.28	6061	4.89	12.07
paths	base	16B	row	256	zstd-3	27.38	6061	3.65	12.10
paths	base	16B	row	256	zlib-1	30.87	6061	2.39	5.44
paths	base	16B	col	256	none	42.21	6061	24.56	33.33
paths	base	16B	col	256	lz4	29.21	6061	11.81	24.04
paths	base	16B	col	256	zstd-1	25.97	6061	6.33	12.55
paths	base	16B	col	256	zstd-3	25.86	6061	6.72	12.25
paths	base	16B	col	256	zlib-1	29.94	6061	2.49	5.63
paths	node	-	row	16	none	30.08	545	21.70	30.96
paths	node	-	row	16	lz4	18.00	545	15.09	20.11
paths	node	-	row	16	zstd-1	14.08	545	5.86	12.97
paths	node	-	row	16	zstd-3	13.83	545	4.36	12.66
paths	node	-	row	16	zlib-1	17.23	545	4.68	7.50
paths	node	-	col	16	none	28.06	545	18.26	29.64
paths	node	-	col	16	lz4	16.65	545	9.04	21.63
paths	node	-	col	16	zstd-1	13.39	545	4.82	12.30
paths	node	-	col	16	zstd-3	13.12	545	5.65	12.74
paths	node	-	col	16	zlib-1	15.73	545	4.91	8.41
paths	node	-	row	64	none	30.04	2174	26.69	27.08
paths	node	-	row	64	lz4	16.73	2174	8.72	24.40
paths	node	-	row	64	zstd-1	13.26	2174	7.79	13.99
paths	node	-	row	64	zstd-3	13.00	2174	6.05	13.97
paths	node	-	row	64	zlib-1	16.92	2174	4.45	7.87
paths	node	-	col	64	none	27.99	2174	20.60	30.89
paths	node	-	col	64	lz4	16.12	2174	10.35	20.53
paths	node	-	col	64	zstd-1	12.94	2174	11.46	12.75
paths	node	-	col	64	zstd-3	12.55	2174	7.19	14.97
paths	node	-	col	64	zlib-1	15.34	2174	4.59	8.47
paths	node	-	row	256	none	30.03	8696	25.17	31.61
paths	node	-	row	256	lz4	16.57	8696	11.10	23.38
paths	node	-	row	256	zstd-1	13.17	8696	7.60	14.80
paths	node	-	row	256	zstd-3	12.44	8696	4.57	14.86
paths	node	-	row	256	zlib-1	16.86	8696	4.03	8.26
paths	node	-	col	256	none	27.98	8696	19.38	28.88
paths	node	-	col	256	lz4	15.14	8696	10.42	23.09
paths	node	-	col	256	zstd-1	11.96	8696	6.59	14.44
paths	node	-	col	256	zstd-3	11.70	8696	8.70	14.54
paths	node	-	col	256	zlib-1	15.23	8696	4.18	9.11
paths	node	16B	row	16	none	62.47	263	16.53	26.09
paths	node	16B	row	16	lz4	52.77	263	5.96	14.87
paths	node	16B	row	16	zstd-1	48.90	263	3.83	8.12
paths	node	16B	row	16	zstd-3	48.38	263	2.67	8.05
paths	node	16B	row	16	zlib-1	52.11	263	2.38	3.58
paths	node	16B	col	16	none	60.48	263	16.95	23.50
paths	node	16B	col	16	lz4	49.65	263	7.11	20.60
paths	node	16B	col	16	zstd-1	46.77	263	3.99	7.69
paths	node	16B	col	16	zstd-3	46.39	263	3.34	7.77
paths	node	16B	col	16	zlib-1	50.15	263	2.39	3.74
paths	node	16B	row	64	none	62.38	1050	18.10	26.43
paths	node	16B	row	64	lz4	52.33	1050	5.15	15.74
paths	node	16B	row	64	zstd-1	48.03	1050	4.58	8.40
paths	node	16B	row	64	zstd-3	47.37	1050	2.91	8.37
paths	node	16B	row	64	zlib-1	51.32	1050	1.87	3.91
paths	node	16B	col	64	none	60.34	1050	14.43	25.83
paths	node	16B	col	64	lz4	48.78	1050	8.15	20.75
paths	node	16B	col	64	zstd-1	46.05	1050	4.29	9.12
paths	node	16B	col	64	zstd-3	45.52	1050	5.44	8.81
paths	node	16B	col	64	zlib-1	49.47	1050	1.82	3.91
paths	node	16B	row	256	none	62.36	4167	26.72	22.25
paths	node	16B	row	256	lz4	52.20	4167	6.36	15.75
paths	node	16B	row	256	zstd-1	48.11	4167	3.53	8.53
paths	node	16B	row	256	zstd-3	46.79	4167	2.57	8.79
paths	node	16B	row	256	zlib-1	51.12	4167	1.54	3.63
paths	node	16B	col	256	none	60.31	4167	18.30	26.57
paths	node	16B	col	256	lz4	47.78	4167	8.85	21.05
paths	node	16B	col	256	zstd-1	44.75	4167	5.61	9.37
paths	node	16B	col	256	zstd-3	44.25	4167	4.90	9.11
paths	node	16B	col	256	zlib-1	49.26	4167	1.72	4.08
